customer_id,title,description,address
1,Nunc Sed Libero Inc.,"ligula. Donec luctus aliquet odio. Etiam ligula tortor,","P.O. Box 584, 5145 Consectetuer Road"
2,Sed Consulting,Donec sollicitudin adipiscing ligula. Aenean gravida nunc sed,Ap #628-9957 Ut St.
3,Gravida Non Sollicitudin PC,Donec vitae erat vel pede,1323 Mollis. Rd.
4,Eros Proin Ultrices Corp.,"erat. Sed nunc est, mollis non, cursus non,",689 Nunc Street
5,Lacinia Vitae Limited,"consequat purus. Maecenas libero est, congue a, aliquet",665-2170 Cras St.
6,Sed Inc.,ornare. Fusce mollis. Duis sit amet diam eu dolor,9438 Cursus Avenue
7,Suspendisse Commodo Corp.,dui. Suspendisse ac metus vitae velit egestas,8510 Sem Av.
8,Neque Industries,"enim nisl elementum purus, accumsan interdum libero dui","P.O. Box 129, 2088 Orci. St."
9,Ante Blandit LLP,volutpat. Nulla facilisis. Suspendisse commodo tincidunt nibh. Phasellus nulla.,"P.O. Box 531, 3624 Cursus, Road"
10,Non Foundation,"ornare sagittis felis. Donec tempor, est ac mattis semper, dui",Ap #915-5540 Tristique Ave
11,Tincidunt Vehicula Inc.,"tincidunt orci quis lectus. Nullam suscipit, est",Ap #433-9236 Risus. Avenue
12,Cras Convallis Convallis Limited,arcu ac orci. Ut semper pretium neque.,"P.O. Box 616, 4397 Ante Avenue"
13,Etiam Bibendum Associates,"ullamcorper. Duis cursus, diam at pretium",100-2156 Velit. Street
14,Mi Lorem Vehicula Inc.,et nunc. Quisque ornare tortor,5697 Ut Street
15,In Faucibus Ltd,"nec, diam. Duis mi enim, condimentum eget, volutpat ornare,",7908 Donec Road
16,Pellentesque Ultricies Inc.,tortor. Integer aliquam adipiscing lacus.,Ap #484-5819 Aliquam Street
17,Lectus Quis Massa Institute,"ante dictum mi, ac mattis velit justo nec ante.",8638 Convallis Av.
18,Eget LLP,volutpat. Nulla dignissim. Maecenas ornare egestas ligula. Nullam feugiat,Ap #781-8474 Nunc Rd.
19,Praesent Luctus LLC,Sed nec metus facilisis lorem tristique aliquet. Phasellus fermentum,6940 Vehicula Av.
20,Tincidunt Tempus Incorporated,"nisi nibh lacinia orci, consectetuer euismod est",Ap #171-750 Aliquam St.
21,Ipsum Suspendisse Inc.,"vitae, erat. Vivamus nisi. Mauris",534-2129 Quisque Rd.
22,Magnis Foundation,"nibh lacinia orci, consectetuer euismod est arcu ac","P.O. Box 376, 2221 In Road"
23,Elit Sed Consequat Ltd,lorem vitae odio sagittis semper.,846-2210 Mauris St.
24,Feugiat Nec Corporation,"bibendum. Donec felis orci, adipiscing non, luctus sit",8199 Quisque Rd.
25,Eu Industries,tellus lorem eu metus. In lorem. Donec,846-2582 Sodales St.
26,Sed Sapien Company,vulputate mauris sagittis placerat. Cras dictum ultricies,"Ap #346-8229 Id, Rd."
27,Neque In Inc.,"iaculis quis, pede. Praesent eu dui. Cum sociis natoque penatibus","P.O. Box 476, 2800 Quisque Street"
28,Nisi Cum Sociis LLP,"vulputate, lacus. Cras interdum. Nunc sollicitudin commodo ipsum. Suspendisse non","P.O. Box 630, 1572 Quam Street"
29,Eget Corporation,Etiam imperdiet dictum magna. Ut tincidunt orci,"P.O. Box 511, 8029 Faucibus Rd."
30,Quisque Purus Sapien Incorporated,"lorem, eget mollis lectus pede","P.O. Box 188, 3509 Nec Avenue"
31,Odio Nam Associates,"adipiscing fringilla, porttitor vulputate, posuere vulputate, lacus. Cras interdum. Nunc","889-7712 Imperdiet, St."
32,Aliquam Adipiscing Consulting,"consectetuer, cursus et, magna. Praesent interdum ligula eu","P.O. Box 710, 7864 Hendrerit Street"
33,Lectus Nullam Suscipit Associates,nulla. In tincidunt congue turpis. In,Ap #901-2413 Auctor St.
34,Diam Lorem Auctor Incorporated,Pellentesque tincidunt tempus risus. Donec egestas. Duis ac arcu. Nunc,564-5371 Diam Rd.
35,Tincidunt Institute,"parturient montes, nascetur ridiculus mus. Proin",4433 Nunc Av.
36,Id Sapien LLC,"varius orci, in consequat enim","P.O. Box 723, 4387 Malesuada Av."
37,Ante LLP,"mollis vitae, posuere at, velit. Cras lorem",Ap #936-1197 Pellentesque Rd.
38,Ante LLC,amet lorem semper auctor. Mauris vel turpis. Aliquam adipiscing lobortis,Ap #403-3194 Curabitur Rd.
39,Erat Nonummy Ultricies Consulting,nunc sit amet metus. Aliquam erat,Ap #552-5664 Ornare Av.
40,Nisi Ltd,"lacus, varius et, euismod et, commodo at, libero.",Ap #312-7237 Tincidunt. Av.
41,Sed Molestie Corporation,vitae mauris sit amet lorem semper auctor. Mauris vel turpis.,Ap #910-8809 Ornare Rd.
42,Scelerisque Neque Sed Foundation,"Maecenas libero est, congue a, aliquet vel, vulputate eu, odio.","P.O. Box 296, 8029 Malesuada. Street"
43,Auctor Non Incorporated,"felis eget varius ultrices, mauris",Ap #785-683 Eu Av.
44,Facilisis Non Incorporated,"Integer in magna. Phasellus dolor elit, pellentesque a,",1749 Donec Avenue
45,Sagittis Augue Eu Corporation,vel nisl. Quisque fringilla euismod enim. Etiam gravida,"P.O. Box 416, 8701 Eu, Av."
46,Eros Ltd,"Fusce aliquam, enim nec tempus scelerisque, lorem ipsum",Ap #443-664 Integer Road
47,Ut Odio LLC,"auctor, nunc nulla vulputate dui, nec tempus mauris erat eget",837-2537 Nunc Street
48,Tincidunt Dui Corp.,Morbi non sapien molestie orci tincidunt adipiscing. Mauris,"P.O. Box 729, 9728 Duis Rd."
49,Sit Amet Consectetuer Corp.,"bibendum ullamcorper. Duis cursus, diam at pretium","P.O. Box 350, 3981 Quis St."
50,In Associates,"consectetuer, cursus et, magna. Praesent interdum ligula eu",8497 Cursus Road
51,Eu Incorporated,"nonummy ut, molestie in, tempus eu, ligula. Aenean euismod mauris",4688 Neque St.
52,Magnis LLP,"parturient montes, nascetur ridiculus mus. Proin","P.O. Box 242, 7109 Ipsum Ave"
53,Consequat Corp.,vitae purus gravida sagittis. Duis gravida.,Ap #566-2437 Mi Av.
54,Auctor Quis Ltd,Praesent eu dui. Cum sociis natoque penatibus et magnis,547-7662 Velit. Avenue
55,Diam Proin Dolor Incorporated,tortor. Integer aliquam adipiscing lacus. Ut nec,Ap #948-1149 Ultricies Avenue
56,Dictum Sapien Limited,diam vel arcu. Curabitur ut odio vel est,500-9628 In Road
57,Pellentesque Habitant Incorporated,erat vitae risus. Duis a mi fringilla mi lacinia mattis.,Ap #514-8125 Auctor Street
58,Eget Massa Limited,in sodales elit erat vitae risus. Duis a mi,"Ap #351-5432 Elit, Rd."
59,Nisl Nulla Eu Foundation,"lobortis risus. In mi pede, nonummy ut,",Ap #425-5413 Dictum. St.
60,Senectus Et Limited,fringilla purus mauris a nunc. In at pede. Cras vulputate,"P.O. Box 227, 3776 Ut Avenue"
61,Montes Nascetur Ridiculus Institute,arcu. Curabitur ut odio vel est tempor bibendum.,"P.O. Box 391, 3728 Rutrum St."
62,Vulputate Eu Company,dignissim tempor arcu. Vestibulum ut eros,Ap #916-7241 Taciti Road
63,Nisi Limited,tellus eu augue porttitor interdum. Sed auctor odio a,561-3430 Velit. St.
64,Eu Tellus Eu Consulting,"mauris. Integer sem elit, pharetra ut, pharetra sed,","P.O. Box 514, 4260 Nunc St."
65,Eget Metus Limited,mauris. Morbi non sapien molestie orci tincidunt,Ap #838-6438 Eu Ave
66,Quisque Purus Corporation,"elit elit fermentum risus, at fringilla purus mauris a nunc.","P.O. Box 977, 8320 Proin Street"
67,Quis Urna Incorporated,et ultrices posuere cubilia Curae; Phasellus,"364-2216 Vitae, Ave"
68,Ut Semper Pretium Inc.,"dictum eu, eleifend nec, malesuada ut, sem.",1818 Eu Rd.
69,Eget Limited,pretium neque. Morbi quis urna. Nunc quis,808-1661 Nec St.
70,Pretium Ltd,"ipsum. Curabitur consequat, lectus sit","P.O. Box 622, 5702 Ipsum Street"
71,Sodales Elit Incorporated,sapien. Nunc pulvinar arcu et,Ap #242-2526 Lacus. Street
72,Mauris Suspendisse Aliquet Associates,ipsum ac mi eleifend egestas. Sed,"8363 Id, Ave"
73,Semper Nam Corp.,libero. Donec consectetuer mauris id,441-2129 Rhoncus St.
74,Nibh PC,quis diam luctus lobortis. Class aptent taciti sociosqu ad litora,1290 Sem Av.
75,Fusce Aliquet LLC,turpis nec mauris blandit mattis. Cras,711-2497 Enim Rd.
76,Id Blandit Institute,sociis natoque penatibus et magnis dis parturient,149 Nibh St.
77,Molestie Sodales Inc.,Cras pellentesque. Sed dictum. Proin eget odio. Aliquam,679-3353 Aliquam Rd.
78,Interdum Institute,vitae odio sagittis semper. Nam tempor diam,523-2885 Dolor. Avenue
79,Quis Urna Nunc PC,"urna, nec luctus felis purus ac tellus.",305-9225 Aliquam St.
80,Lacus Quisque Corp.,"Integer in magna. Phasellus dolor elit, pellentesque a,",5695 Lorem Rd.
81,Lorem Associates,"vitae, aliquet nec, imperdiet nec, leo. Morbi neque tellus, imperdiet",1130 Mauris St.
82,Nunc Risus LLC,"aliquet, sem ut cursus luctus, ipsum",Ap #218-9469 Gravida Av.
83,Felis Industries,at sem molestie sodales. Mauris blandit enim consequat,Ap #237-7022 Euismod St.
84,Nam Ac Associates,ipsum cursus vestibulum. Mauris magna. Duis dignissim tempor,8234 Luctus Rd.
85,Et Eros Corporation,"dictum placerat, augue. Sed molestie.",368-8143 Ornare St.
86,Nec Mollis Industries,Proin eget odio. Aliquam vulputate ullamcorper magna. Sed eu,"P.O. Box 656, 5111 Vestibulum, Avenue"
87,Ornare Consulting,"est, congue a, aliquet vel, vulputate eu, odio. Phasellus at",2425 Amet Rd.
88,Sed Associates,velit justo nec ante. Maecenas,117-6549 Malesuada Road
89,Tellus Lorem Eu Company,ante ipsum primis in faucibus orci luctus et ultrices posuere,"P.O. Box 762, 1516 A St."
90,Proin Nisl Sem LLC,vel turpis. Aliquam adipiscing lobortis,8048 Amet Street
91,Elementum Corp.,"magna, malesuada vel, convallis in, cursus et, eros. Proin ultrices.",Ap #621-3321 Semper Avenue
92,Et Ultrices Posuere Company,Morbi non sapien molestie orci tincidunt adipiscing. Mauris,"P.O. Box 172, 4625 Tortor. Street"
93,Fusce Fermentum Fermentum Inc.,"consectetuer, cursus et, magna. Praesent",5955 Et Street
94,Nulla Institute,Suspendisse sagittis. Nullam vitae diam.,6824 Aliquet Avenue
95,Sagittis Placerat Cras Company,nunc interdum feugiat. Sed nec metus facilisis,"P.O. Box 147, 3162 Sed St."
96,Tempor Institute,Vivamus euismod urna. Nullam lobortis quam a felis ullamcorper viverra.,3336 Nec St.
97,Eu Industries,"montes, nascetur ridiculus mus. Proin vel nisl.",542-5131 Nulla. Rd.
98,Est Inc.,odio. Phasellus at augue id ante dictum cursus. Nunc,"P.O. Box 698, 5905 Venenatis Rd."
99,Vitae Foundation,blandit congue. In scelerisque scelerisque dui. Suspendisse,Ap #779-7134 Arcu Ave
100,A Limited,in molestie tortor nibh sit amet orci. Ut sagittis lobortis,3534 Et Ave